{"cameraMode":{"drawMode":0,"name":"Shaded","section":"Shading Mode"},"sceneLighting":true,"audioPlay":false,"sceneViewState":{"showFog":true,"showMaterialUpdate":false,"showSkybox":true,"showFlares":true,"showImageEffects":true,"showParticleSystems":true},"in2DMode":false,"pivot":{"x":0.17502355575561524,"y":5.607506275177002,"z":-2.082981586456299},"rotation":{"x":0.14985936880111695,"y":-0.17985489964485169,"z":0.02773456461727619,"w":0.9718177914619446},"size":24.937509536743165,"orthographic":true}