{"cameraMode":{"drawMode":0,"name":"Shaded","section":"Shading Mode"},"sceneLighting":true,"audioPlay":false,"sceneViewState":{"showFog":true,"showMaterialUpdate":false,"showSkybox":true,"showFlares":true,"showImageEffects":true,"showParticleSystems":true},"in2DMode":false,"pivot":{"x":-1.382568359375,"y":2.4208984375,"z":-6.8115234375},"rotation":{"x":0.16277214884757996,"y":0.004440025892108679,"z":-0.0007322641904465854,"w":0.9866605401039124},"size":15.159565925598145,"orthographic":true}