{"cameraMode":{"drawMode":0,"name":"Shaded","section":"Shading Mode"},"sceneLighting":true,"audioPlay":false,"sceneViewState":{"showFog":true,"showMaterialUpdate":false,"showSkybox":true,"showFlares":true,"showImageEffects":true,"showParticleSystems":true},"in2DMode":false,"pivot":{"x":179.6405487060547,"y":288.26708984375,"z":11240.0},"rotation":{"x":0.023968303576111795,"y":0.04946553334593773,"z":-0.0011874014744535089,"w":0.998487651348114},"size":4.824745178222656,"orthographic":false}