{"cameraMode":{"drawMode":0,"name":"Shaded","section":"Shading Mode"},"sceneLighting":false,"audioPlay":false,"sceneViewState":{"showFog":true,"showMaterialUpdate":false,"showSkybox":false,"showFlares":true,"showImageEffects":true,"showParticleSystems":true},"in2DMode":false,"pivot":{"x":-3.714054822921753,"y":5.199999809265137,"z":-3.386960506439209},"rotation":{"x":0.20405550301074983,"y":0.005873564630746841,"z":-0.0012242888333275915,"w":0.9789548516273499},"size":1.0606601238250733,"orthographic":true}