{"cameraMode":{"drawMode":0,"name":"Shaded","section":"Shading Mode"},"sceneLighting":true,"audioPlay":false,"sceneViewState":{"showFog":true,"showMaterialUpdate":false,"showSkybox":true,"showFlares":true,"showImageEffects":true,"showParticleSystems":true},"in2DMode":false,"pivot":{"x":0.796919584274292,"y":-3.872709274291992,"z":-0.946415901184082},"rotation":{"x":0.2124490737915039,"y":0.23194825649261475,"z":-0.05199003964662552,"w":0.9478228688240051},"size":5.066025733947754,"orthographic":false}