{"cameraMode":{"drawMode":0,"name":"Shaded","section":"Shading Mode"},"sceneLighting":true,"audioPlay":false,"sceneViewState":{"showFog":true,"showMaterialUpdate":false,"showSkybox":true,"showFlares":true,"showImageEffects":true,"showParticleSystems":true},"in2DMode":false,"pivot":{"x":-6.749690055847168,"y":-11.143054962158204,"z":18.67642593383789},"rotation":{"x":-0.2541428804397583,"y":0.0975770652294159,"z":-0.025780851021409036,"w":-0.9618899822235107},"size":39.94984817504883,"orthographic":false}