{"cameraMode":{"drawMode":0,"name":"Shaded","section":"Shading Mode"},"sceneLighting":true,"audioPlay":false,"sceneViewState":{"showFog":true,"showMaterialUpdate":false,"showSkybox":true,"showFlares":true,"showImageEffects":true,"showParticleSystems":true},"in2DMode":false,"pivot":{"x":-1.382568359375,"y":2.4208984375,"z":-6.8115234375},"rotation":{"x":0.20405550301074983,"y":0.005873564630746841,"z":-0.0012242888333275915,"w":0.9789548516273499},"size":10.461801528930664,"orthographic":true}